model,accuracy,precision,recall,f1_score,auc_roc
EfficientNet-B4,0.5,0.5,1.0,0.6666666666666666,0.0
ViT-B/16,0.5,0.5,1.0,0.6666666666666666,1.0
EfficientNet-B7,0.5,0.5,1.0,0.6666666666666666,0.5
Ensemble,0.5,0.5,1.0,0.6666666666666666,0.0
Xception,0.5,0.0,0.0,0.0,0.0
MesoNet-4,0.5,0.0,0.0,0.0,0.75
